codigo_bdns,fecha_recepcion,tipo_administracion,status,last_error,last_attempt,retries
543551,2021-01-07,O,pending,,,0
543663,2021-01-08,O,pending,,,0
543775,2021-01-11,O,pending,,,0
543802,2021-01-11,O,pending,,,0
543869,2021-01-11,O,pending,,,0
544546,2021-01-14,O,pending,,,0
544619,2021-01-14,O,pending,,,0
544629,2021-01-14,O,pending,,,0
544691,2021-01-14,O,pending,,,0
544756,2021-01-15,O,pending,,,0
544766,2021-01-15,O,pending,,,0
544773,2021-01-15,O,pending,,,0
544774,2021-01-15,O,pending,,,0
544816,2021-01-15,O,pending,,,0
544820,2021-01-15,O,pending,,,0
544824,2021-01-15,O,pending,,,0
544885,2021-01-15,O,pending,,,0
544934,2021-01-18,O,pending,,,0
544958,2021-01-18,O,pending,,,0
544959,2021-01-18,O,pending,,,0
544960,2021-01-18,O,pending,,,0
544969,2021-01-18,O,pending,,,0
544980,2021-01-18,O,pending,,,0
545031,2021-01-18,O,pending,,,0
545076,2021-01-18,O,pending,,,0
545262,2021-01-19,O,pending,,,0
545263,2021-01-19,O,pending,,,0
545264,2021-01-19,O,pending,,,0
545294,2021-01-20,O,pending,,,0
545317,2021-01-20,O,pending,,,0
545447,2021-01-20,O,pending,,,0
545489,2021-01-20,O,pending,,,0
545490,2021-01-20,O,pending,,,0
545666,2021-01-21,O,pending,,,0
545790,2021-01-22,O,pending,,,0
545975,2021-01-25,O,pending,,,0
546013,2021-01-25,O,pending,,,0
546120,2021-01-25,O,pending,,,0
546122,2021-01-25,O,pending,,,0
546153,2021-01-26,O,pending,,,0
546167,2021-01-26,O,pending,,,0
546203,2021-01-26,O,pending,,,0
546286,2021-01-26,O,pending,,,0
546291,2021-01-26,O,pending,,,0
546448,2021-01-27,O,pending,,,0
546499,2021-01-27,O,pending,,,0
546521,2021-01-27,O,pending,,,0
546633,2021-01-28,O,pending,,,0
546645,2021-01-28,O,pending,,,0
546671,2021-01-28,O,pending,,,0
546840,2021-01-28,O,pending,,,0
546903,2021-01-29,O,pending,,,0
546911,2021-01-29,O,pending,,,0
546994,2021-01-29,O,pending,,,0
547096,2021-02-01,O,pending,,,0
547102,2021-02-01,O,pending,,,0
547131,2021-02-01,O,pending,,,0
547308,2021-02-02,O,pending,,,0
547400,2021-02-02,O,pending,,,0
547407,2021-02-02,O,pending,,,0
547408,2021-02-02,O,pending,,,0
547409,2021-02-02,O,pending,,,0
547414,2021-02-03,O,pending,,,0
547421,2021-02-03,O,pending,,,0
547427,2021-02-03,O,pending,,,0
547437,2021-02-03,O,pending,,,0
547461,2021-02-03,O,pending,,,0
547467,2021-02-03,O,pending,,,0
547469,2021-02-03,O,pending,,,0
547474,2021-02-03,O,pending,,,0
547477,2021-02-03,O,pending,,,0
547479,2021-02-03,O,pending,,,0
547487,2021-02-03,O,pending,,,0
547499,2021-02-03,O,pending,,,0
547522,2021-02-03,O,pending,,,0
547677,2021-02-04,O,pending,,,0
547740,2021-02-04,O,pending,,,0
547914,2021-02-05,O,pending,,,0
547918,2021-02-05,O,pending,,,0
547932,2021-02-05,O,pending,,,0
547952,2021-02-05,O,pending,,,0
547976,2021-02-05,O,pending,,,0
547979,2021-02-05,O,pending,,,0
548026,2021-02-08,O,pending,,,0
548027,2021-02-08,O,pending,,,0
548154,2021-02-08,O,pending,,,0
548194,2021-02-08,O,pending,,,0
548244,2021-02-09,O,pending,,,0
548274,2021-02-09,O,pending,,,0
548276,2021-02-09,O,pending,,,0
548281,2021-02-09,O,pending,,,0
548303,2021-02-09,O,pending,,,0
548306,2021-02-09,O,pending,,,0
548313,2021-02-09,O,pending,,,0
548368,2021-02-09,O,pending,,,0
548369,2021-02-09,O,pending,,,0
548398,2021-02-09,O,pending,,,0
548413,2021-02-10,O,pending,,,0
548433,2021-02-10,O,pending,,,0
548437,2021-02-10,O,pending,,,0
548443,2021-02-10,O,pending,,,0
548530,2021-02-10,O,pending,,,0
548538,2021-02-10,O,pending,,,0
548609,2021-02-11,O,pending,,,0
548695,2021-02-11,O,pending,,,0
548697,2021-02-11,O,pending,,,0
548731,2021-02-11,O,pending,,,0
548751,2021-02-11,O,pending,,,0
548936,2021-02-12,O,pending,,,0
548946,2021-02-12,O,pending,,,0
549055,2021-02-13,O,pending,,,0
549101,2021-02-15,O,pending,,,0
549120,2021-02-15,O,pending,,,0
549131,2021-02-15,O,pending,,,0
549143,2021-02-15,O,pending,,,0
549202,2021-02-15,O,pending,,,0
549281,2021-02-16,O,pending,,,0
549283,2021-02-16,O,pending,,,0
549385,2021-02-16,O,pending,,,0
549402,2021-02-16,O,pending,,,0
549410,2021-02-16,O,pending,,,0
549417,2021-02-16,O,pending,,,0
549419,2021-02-16,O,pending,,,0
549450,2021-02-17,O,pending,,,0
549455,2021-02-17,O,pending,,,0
549470,2021-02-17,O,pending,,,0
549471,2021-02-17,O,pending,,,0
549603,2021-02-17,O,pending,,,0
549622,2021-02-17,O,pending,,,0
549686,2021-02-18,O,pending,,,0
549700,2021-02-18,O,pending,,,0
549705,2021-02-18,O,pending,,,0
549709,2021-02-18,O,pending,,,0
549714,2021-02-18,O,pending,,,0
549720,2021-02-18,O,pending,,,0
549749,2021-02-18,O,pending,,,0
549896,2021-02-19,O,pending,,,0
549901,2021-02-19,O,pending,,,0
549906,2021-02-19,O,pending,,,0
549917,2021-02-19,O,pending,,,0
550043,2021-02-19,O,pending,,,0
550048,2021-02-19,O,pending,,,0
550094,2021-02-22,O,pending,,,0
550110,2021-02-22,O,pending,,,0
550180,2021-02-22,O,pending,,,0
550197,2021-02-22,O,pending,,,0
550315,2021-02-23,O,pending,,,0
550369,2021-02-23,O,pending,,,0
550473,2021-02-23,O,pending,,,0
550517,2021-02-24,O,pending,,,0
550531,2021-02-24,O,pending,,,0
550532,2021-02-24,O,pending,,,0
550533,2021-02-24,O,pending,,,0
550536,2021-02-24,O,pending,,,0
550538,2021-02-24,O,pending,,,0
550625,2021-02-24,O,pending,,,0
550684,2021-02-24,O,pending,,,0
550685,2021-02-24,O,pending,,,0
550765,2021-02-25,O,pending,,,0
550776,2021-02-25,O,pending,,,0
550806,2021-02-25,O,pending,,,0
550812,2021-02-25,O,pending,,,0
550815,2021-02-25,O,pending,,,0
550819,2021-02-25,O,pending,,,0
550820,2021-02-25,O,pending,,,0
550839,2021-02-25,O,pending,,,0
550867,2021-02-25,O,pending,,,0
550877,2021-02-25,O,pending,,,0
550902,2021-02-25,O,pending,,,0
550904,2021-02-25,O,pending,,,0
550905,2021-02-25,O,pending,,,0
550943,2021-02-25,O,pending,,,0
550992,2021-02-25,O,pending,,,0
551068,2021-02-26,O,pending,,,0
551070,2021-02-26,O,pending,,,0
551084,2021-02-26,O,pending,,,0
551095,2021-02-26,O,pending,,,0
551104,2021-02-26,O,pending,,,0
551228,2021-03-01,O,pending,,,0
551287,2021-03-01,O,pending,,,0
551293,2021-03-01,O,pending,,,0
551332,2021-03-01,O,pending,,,0
551353,2021-03-01,O,pending,,,0
551354,2021-03-01,O,pending,,,0
551356,2021-03-01,O,pending,,,0
551358,2021-03-01,O,pending,,,0
551404,2021-03-01,O,pending,,,0
551428,2021-03-02,O,pending,,,0
551449,2021-03-02,O,pending,,,0
551467,2021-03-02,O,pending,,,0
551545,2021-03-02,O,pending,,,0
551547,2021-03-02,O,pending,,,0
551592,2021-03-02,O,pending,,,0
551672,2021-03-03,O,pending,,,0
551675,2021-03-03,O,pending,,,0
551677,2021-03-03,O,pending,,,0
551683,2021-03-03,O,pending,,,0
551685,2021-03-03,O,pending,,,0
551687,2021-03-03,O,pending,,,0
551717,2021-03-03,O,pending,,,0
551721,2021-03-03,O,pending,,,0
551732,2021-03-03,O,pending,,,0
551749,2021-03-03,O,pending,,,0
551752,2021-03-03,O,pending,,,0
551758,2021-03-03,O,pending,,,0
551781,2021-03-03,O,pending,,,0
551784,2021-03-03,O,pending,,,0
551804,2021-03-03,O,pending,,,0
551861,2021-03-04,O,pending,,,0
551863,2021-03-04,O,pending,,,0
551910,2021-03-04,O,pending,,,0
551925,2021-03-04,O,pending,,,0
551932,2021-03-04,O,pending,,,0
551969,2021-03-04,O,pending,,,0
551973,2021-03-04,O,pending,,,0
552131,2021-03-05,O,pending,,,0
552147,2021-03-05,O,pending,,,0
552165,2021-03-05,O,pending,,,0
552211,2021-03-06,O,pending,,,0
552245,2021-03-08,O,pending,,,0
552263,2021-03-08,O,pending,,,0
552317,2021-03-08,O,pending,,,0
552330,2021-03-08,O,pending,,,0
552336,2021-03-08,O,pending,,,0
552342,2021-03-08,O,pending,,,0
552358,2021-03-08,O,pending,,,0
552420,2021-03-08,O,pending,,,0
552433,2021-03-08,O,pending,,,0
552451,2021-03-08,O,pending,,,0
552548,2021-03-09,O,pending,,,0
552552,2021-03-09,O,pending,,,0
552555,2021-03-09,O,pending,,,0
552579,2021-03-09,O,pending,,,0
552583,2021-03-09,O,pending,,,0
552600,2021-03-09,O,pending,,,0
552612,2021-03-09,O,pending,,,0
552652,2021-03-09,O,pending,,,0
552654,2021-03-09,O,pending,,,0
552667,2021-03-10,O,pending,,,0
552672,2021-03-10,O,pending,,,0
552678,2021-03-10,O,pending,,,0
552689,2021-03-10,O,pending,,,0
552710,2021-03-10,O,pending,,,0
552716,2021-03-10,O,pending,,,0
552828,2021-03-10,O,pending,,,0
552837,2021-03-10,O,pending,,,0
552845,2021-03-10,O,pending,,,0
552883,2021-03-11,O,pending,,,0
552947,2021-03-11,O,pending,,,0
552956,2021-03-11,O,pending,,,0
552965,2021-03-11,O,pending,,,0
553057,2021-03-12,O,pending,,,0
553065,2021-03-12,O,pending,,,0
553130,2021-03-12,O,pending,,,0
553135,2021-03-12,O,pending,,,0
553198,2021-03-12,O,pending,,,0
553272,2021-03-15,O,pending,,,0
553273,2021-03-15,O,pending,,,0
553285,2021-03-15,O,pending,,,0
553290,2021-03-15,O,pending,,,0
553291,2021-03-15,O,pending,,,0
553295,2021-03-15,O,pending,,,0
553296,2021-03-15,O,pending,,,0
553364,2021-03-15,O,pending,,,0
553387,2021-03-15,O,pending,,,0
553442,2021-03-15,O,pending,,,0
553460,2021-03-16,O,pending,,,0
553465,2021-03-16,O,pending,,,0
553470,2021-03-16,O,pending,,,0
553484,2021-03-16,O,pending,,,0
553515,2021-03-16,O,pending,,,0
553561,2021-03-16,O,pending,,,0
553577,2021-03-16,O,pending,,,0
553584,2021-03-16,O,pending,,,0
553586,2021-03-16,O,pending,,,0
553595,2021-03-16,O,pending,,,0
553613,2021-03-16,O,pending,,,0
553614,2021-03-16,O,pending,,,0
553667,2021-03-17,O,pending,,,0
553668,2021-03-17,O,pending,,,0
553686,2021-03-17,O,pending,,,0
553709,2021-03-17,O,pending,,,0
553722,2021-03-17,O,pending,,,0
553729,2021-03-17,O,pending,,,0
553753,2021-03-17,O,pending,,,0
553768,2021-03-17,O,pending,,,0
553801,2021-03-17,O,pending,,,0
553835,2021-03-18,O,pending,,,0
553837,2021-03-18,O,pending,,,0
553876,2021-03-18,O,pending,,,0
553883,2021-03-18,O,pending,,,0
553918,2021-03-18,O,pending,,,0
553926,2021-03-18,O,pending,,,0
553951,2021-03-18,O,pending,,,0
553972,2021-03-18,O,pending,,,0
554037,2021-03-19,O,pending,,,0
554096,2021-03-19,O,pending,,,0
554110,2021-03-19,O,pending,,,0
554202,2021-03-22,O,pending,,,0
554207,2021-03-22,O,pending,,,0
554259,2021-03-22,O,pending,,,0
554262,2021-03-22,O,pending,,,0
554295,2021-03-22,O,pending,,,0
554308,2021-03-22,O,pending,,,0
554334,2021-03-22,O,pending,,,0
554337,2021-03-22,O,pending,,,0
554371,2021-03-23,O,pending,,,0
554380,2021-03-23,O,pending,,,0
554410,2021-03-23,O,pending,,,0
554411,2021-03-23,O,pending,,,0
554423,2021-03-23,O,pending,,,0
554430,2021-03-23,O,pending,,,0
554433,2021-03-23,O,pending,,,0
554464,2021-03-23,O,pending,,,0
554468,2021-03-23,O,pending,,,0
554488,2021-03-23,O,pending,,,0
554497,2021-03-23,O,pending,,,0
554500,2021-03-23,O,pending,,,0
554558,2021-03-23,O,pending,,,0
554625,2021-03-24,O,pending,,,0
554629,2021-03-24,O,pending,,,0
554630,2021-03-24,O,pending,,,0
554677,2021-03-24,O,pending,,,0
554691,2021-03-24,O,pending,,,0
554756,2021-03-25,O,pending,,,0
554764,2021-03-25,O,pending,,,0
554767,2021-03-25,O,pending,,,0
554771,2021-03-25,O,pending,,,0
554796,2021-03-25,O,pending,,,0
554823,2021-03-25,O,pending,,,0
554838,2021-03-25,O,pending,,,0
554844,2021-03-25,O,pending,,,0
554855,2021-03-25,O,pending,,,0
554860,2021-03-25,O,pending,,,0
554868,2021-03-25,O,pending,,,0
554884,2021-03-25,O,pending,,,0
554894,2021-03-25,O,pending,,,0
554903,2021-03-25,O,pending,,,0
554910,2021-03-25,O,pending,,,0
554911,2021-03-25,O,pending,,,0
554921,2021-03-25,O,pending,,,0
554932,2021-03-25,O,pending,,,0
554938,2021-03-25,O,pending,,,0
554952,2021-03-25,O,pending,,,0
554953,2021-03-25,O,pending,,,0
554999,2021-03-26,O,pending,,,0
555008,2021-03-26,O,pending,,,0
555012,2021-03-26,O,pending,,,0
555014,2021-03-26,O,pending,,,0
555015,2021-03-26,O,pending,,,0
555024,2021-03-26,O,pending,,,0
555032,2021-03-26,O,pending,,,0
555049,2021-03-26,O,pending,,,0
555132,2021-03-26,O,pending,,,0
555139,2021-03-26,O,pending,,,0
555169,2021-03-26,O,pending,,,0
555257,2021-03-29,O,pending,,,0
555272,2021-03-29,O,pending,,,0
555273,2021-03-29,O,pending,,,0
555301,2021-03-29,O,pending,,,0
555329,2021-03-29,O,pending,,,0
555343,2021-03-29,O,pending,,,0
555345,2021-03-29,O,pending,,,0
555366,2021-03-29,O,pending,,,0
555375,2021-03-29,O,pending,,,0
555387,2021-03-29,O,pending,,,0
555428,2021-03-30,O,pending,,,0
555453,2021-03-30,O,pending,,,0
555493,2021-03-30,O,pending,,,0
555503,2021-03-30,O,pending,,,0
555637,2021-03-31,O,pending,,,0
555693,2021-03-31,O,pending,,,0
555735,2021-04-01,O,pending,,,0
555742,2021-04-01,O,pending,,,0
555783,2021-04-01,O,pending,,,0
555813,2021-04-05,O,pending,,,0
555820,2021-04-05,O,pending,,,0
555890,2021-04-05,O,pending,,,0
555916,2021-04-06,O,pending,,,0
555917,2021-04-06,O,pending,,,0
555938,2021-04-06,O,pending,,,0
555944,2021-04-06,O,pending,,,0
556095,2021-04-06,O,pending,,,0
556096,2021-04-06,O,pending,,,0
556102,2021-04-06,O,pending,,,0
556103,2021-04-06,O,pending,,,0
556104,2021-04-06,O,pending,,,0
556105,2021-04-06,O,pending,,,0
556106,2021-04-06,O,pending,,,0
556202,2021-04-07,O,pending,,,0
556233,2021-04-07,O,pending,,,0
556312,2021-04-07,O,pending,,,0
556339,2021-04-08,O,pending,,,0
556363,2021-04-08,O,pending,,,0
556378,2021-04-08,O,pending,,,0
556400,2021-04-08,O,pending,,,0
556420,2021-04-08,O,pending,,,0
556473,2021-04-08,O,pending,,,0
556567,2021-04-09,O,pending,,,0
556844,2021-04-09,O,pending,,,0
556918,2021-04-12,O,pending,,,0
556927,2021-04-12,O,pending,,,0
557027,2021-04-12,O,pending,,,0
557085,2021-04-12,O,pending,,,0
557267,2021-04-13,O,pending,,,0
557352,2021-04-14,O,pending,,,0
557362,2021-04-14,O,pending,,,0
557366,2021-04-14,O,pending,,,0
557369,2021-04-14,O,pending,,,0
557386,2021-04-14,O,pending,,,0
557390,2021-04-14,O,pending,,,0
557415,2021-04-14,O,pending,,,0
557419,2021-04-14,O,pending,,,0
557431,2021-04-14,O,pending,,,0
557469,2021-04-14,O,pending,,,0
557478,2021-04-14,O,pending,,,0
557486,2021-04-14,O,pending,,,0
557495,2021-04-14,O,pending,,,0
557496,2021-04-14,O,pending,,,0
557511,2021-04-14,O,pending,,,0
557601,2021-04-15,O,pending,,,0
557606,2021-04-15,O,pending,,,0
557610,2021-04-15,O,pending,,,0
557622,2021-04-15,O,pending,,,0
557700,2021-04-15,O,pending,,,0
557821,2021-04-15,O,pending,,,0
557871,2021-04-16,O,pending,,,0
557977,2021-04-16,O,pending,,,0
557983,2021-04-16,O,pending,,,0
557991,2021-04-16,O,pending,,,0
558005,2021-04-16,O,pending,,,0
558095,2021-04-16,O,pending,,,0
558096,2021-04-16,O,pending,,,0
558107,2021-04-16,O,pending,,,0
558173,2021-04-17,O,pending,,,0
558207,2021-04-19,O,pending,,,0
558212,2021-04-19,O,pending,,,0
558286,2021-04-19,O,pending,,,0
558289,2021-04-19,O,pending,,,0
558290,2021-04-19,O,pending,,,0
558291,2021-04-19,O,pending,,,0
558308,2021-04-19,O,pending,,,0
558338,2021-04-19,O,pending,,,0
558341,2021-04-19,O,pending,,,0
558374,2021-04-19,O,pending,,,0
558438,2021-04-20,O,pending,,,0
558521,2021-04-20,O,pending,,,0
558535,2021-04-20,O,pending,,,0
558546,2021-04-20,O,pending,,,0
558556,2021-04-20,O,pending,,,0
558566,2021-04-20,O,pending,,,0
558572,2021-04-20,O,pending,,,0
558579,2021-04-20,O,pending,,,0
558587,2021-04-20,O,pending,,,0
558593,2021-04-20,O,pending,,,0
558675,2021-04-20,O,pending,,,0
558676,2021-04-20,O,pending,,,0
558679,2021-04-20,O,pending,,,0
558703,2021-04-21,O,pending,,,0
558729,2021-04-21,O,pending,,,0
558746,2021-04-21,O,pending,,,0
558772,2021-04-21,O,pending,,,0
558870,2021-04-21,O,pending,,,0
558875,2021-04-21,O,pending,,,0
558880,2021-04-21,O,pending,,,0
558881,2021-04-21,O,pending,,,0
558888,2021-04-21,O,pending,,,0
558895,2021-04-21,O,pending,,,0
559040,2021-04-22,O,pending,,,0
559128,2021-04-22,O,pending,,,0
559141,2021-04-22,O,pending,,,0
559161,2021-04-22,O,pending,,,0
559260,2021-04-22,O,pending,,,0
559272,2021-04-22,O,pending,,,0
559329,2021-04-23,O,pending,,,0
559339,2021-04-23,O,pending,,,0
559400,2021-04-23,O,pending,,,0
559409,2021-04-23,O,pending,,,0
559415,2021-04-23,O,pending,,,0
559506,2021-04-23,O,pending,,,0
559515,2021-04-23,O,pending,,,0
559545,2021-04-23,O,pending,,,0
559596,2021-04-26,O,pending,,,0
559634,2021-04-26,O,pending,,,0
559649,2021-04-26,O,pending,,,0
559673,2021-04-26,O,pending,,,0
559723,2021-04-26,O,pending,,,0
559727,2021-04-26,O,pending,,,0
559788,2021-04-26,O,pending,,,0
559827,2021-04-26,O,pending,,,0
559933,2021-04-27,O,pending,,,0
560078,2021-04-27,O,pending,,,0
560266,2021-04-28,O,pending,,,0
560278,2021-04-28,O,pending,,,0
560293,2021-04-28,O,pending,,,0
560302,2021-04-28,O,pending,,,0
560346,2021-04-28,O,pending,,,0
560361,2021-04-28,O,pending,,,0
560371,2021-04-28,O,pending,,,0
560372,2021-04-28,O,pending,,,0
560380,2021-04-28,O,pending,,,0
560453,2021-04-29,O,pending,,,0
560477,2021-04-29,O,pending,,,0
560491,2021-04-29,O,pending,,,0
560503,2021-04-29,O,pending,,,0
560507,2021-04-29,O,pending,,,0
560516,2021-04-29,O,pending,,,0
560564,2021-04-29,O,pending,,,0
560644,2021-04-29,O,pending,,,0
560725,2021-04-30,O,pending,,,0
560768,2021-04-30,O,pending,,,0
560777,2021-04-30,O,pending,,,0
560827,2021-04-30,O,pending,,,0
561045,2021-04-30,O,pending,,,0
561065,2021-04-30,O,pending,,,0
561087,2021-04-30,O,pending,,,0
561095,2021-04-30,O,pending,,,0
561115,2021-04-30,O,pending,,,0
561116,2021-04-30,O,pending,,,0
561131,2021-04-30,O,pending,,,0
561137,2021-04-30,O,pending,,,0
561139,2021-04-30,O,pending,,,0
561149,2021-04-30,O,pending,,,0
561360,2021-05-03,O,pending,,,0
561369,2021-05-03,O,pending,,,0
561408,2021-05-03,O,pending,,,0
561417,2021-05-03,O,pending,,,0
561469,2021-05-03,O,pending,,,0
561474,2021-05-03,O,pending,,,0
561501,2021-05-03,O,pending,,,0
561519,2021-05-03,O,pending,,,0
561540,2021-05-03,O,pending,,,0
561608,2021-05-04,O,pending,,,0
561625,2021-05-04,O,pending,,,0
561796,2021-05-04,O,pending,,,0
561811,2021-05-04,O,pending,,,0
561838,2021-05-04,O,pending,,,0
561849,2021-05-04,O,pending,,,0
561893,2021-05-05,O,pending,,,0
561917,2021-05-05,O,pending,,,0
561979,2021-05-05,O,pending,,,0
562011,2021-05-05,O,pending,,,0
562018,2021-05-05,O,pending,,,0
562123,2021-05-05,O,pending,,,0
562160,2021-05-05,O,pending,,,0
562164,2021-05-05,O,pending,,,0
562264,2021-05-06,O,pending,,,0
562331,2021-05-06,O,pending,,,0
562437,2021-05-06,O,pending,,,0
562449,2021-05-06,O,pending,,,0
562469,2021-05-06,O,pending,,,0
562470,2021-05-06,O,pending,,,0
562509,2021-05-07,O,pending,,,0
562531,2021-05-07,O,pending,,,0
562541,2021-05-07,O,pending,,,0
562546,2021-05-07,O,pending,,,0
562554,2021-05-07,O,pending,,,0
562558,2021-05-07,O,pending,,,0
562561,2021-05-07,O,pending,,,0
562613,2021-05-07,O,pending,,,0
562614,2021-05-07,O,pending,,,0
562615,2021-05-07,O,pending,,,0
562616,2021-05-07,O,pending,,,0
562617,2021-05-07,O,pending,,,0
562706,2021-05-07,O,pending,,,0
562709,2021-05-07,O,pending,,,0
562729,2021-05-07,O,pending,,,0
562733,2021-05-07,O,pending,,,0
562742,2021-05-07,O,pending,,,0
562747,2021-05-07,O,pending,,,0
562755,2021-05-07,O,pending,,,0
562771,2021-05-07,O,pending,,,0
562830,2021-05-10,O,pending,,,0
562887,2021-05-10,O,pending,,,0
562889,2021-05-10,O,pending,,,0
563011,2021-05-10,O,pending,,,0
563091,2021-05-11,O,pending,,,0
563111,2021-05-11,O,pending,,,0
563159,2021-05-11,O,pending,,,0
563241,2021-05-11,O,pending,,,0
563248,2021-05-11,O,pending,,,0
563272,2021-05-11,O,pending,,,0
563284,2021-05-11,O,pending,,,0
563305,2021-05-11,O,pending,,,0
563332,2021-05-12,O,pending,,,0
563337,2021-05-12,O,pending,,,0
563418,2021-05-12,O,pending,,,0
563442,2021-05-12,O,pending,,,0
563561,2021-05-12,O,pending,,,0
563598,2021-05-12,O,pending,,,0
563617,2021-05-12,O,pending,,,0
563618,2021-05-12,O,pending,,,0
563619,2021-05-12,O,pending,,,0
563689,2021-05-13,O,pending,,,0
563747,2021-05-13,O,pending,,,0
563772,2021-05-13,O,pending,,,0
563780,2021-05-13,O,pending,,,0
563821,2021-05-13,O,pending,,,0
563868,2021-05-13,O,pending,,,0
563887,2021-05-13,O,pending,,,0
563889,2021-05-13,O,pending,,,0
563900,2021-05-13,O,pending,,,0
563954,2021-05-14,O,pending,,,0
563966,2021-05-14,O,pending,,,0
564138,2021-05-14,O,pending,,,0
564150,2021-05-14,O,pending,,,0
564223,2021-05-17,O,pending,,,0
564246,2021-05-17,O,pending,,,0
564271,2021-05-17,O,pending,,,0
564280,2021-05-17,O,pending,,,0
564310,2021-05-17,O,pending,,,0
564526,2021-05-18,O,pending,,,0
564550,2021-05-18,O,pending,,,0
564579,2021-05-18,O,pending,,,0
564589,2021-05-18,O,pending,,,0
564590,2021-05-18,O,pending,,,0
564592,2021-05-18,O,pending,,,0
564596,2021-05-18,O,pending,,,0
564644,2021-05-18,O,pending,,,0
564885,2021-05-19,O,pending,,,0
564976,2021-05-19,O,pending,,,0
565065,2021-05-19,O,pending,,,0
565141,2021-05-19,O,pending,,,0
565288,2021-05-20,O,pending,,,0
565328,2021-05-20,O,pending,,,0
565351,2021-05-20,O,pending,,,0
565394,2021-05-20,O,pending,,,0
565407,2021-05-20,O,pending,,,0
565436,2021-05-20,O,pending,,,0
565599,2021-05-21,O,pending,,,0
565636,2021-05-21,O,pending,,,0
565697,2021-05-21,O,pending,,,0
565730,2021-05-22,O,pending,,,0
565733,2021-05-22,O,pending,,,0
565735,2021-05-23,O,pending,,,0
565736,2021-05-23,O,pending,,,0
565739,2021-05-23,O,pending,,,0
565740,2021-05-23,O,pending,,,0
565741,2021-05-23,O,pending,,,0
565747,2021-05-23,O,pending,,,0
566014,2021-05-25,O,pending,,,0
566042,2021-05-25,O,pending,,,0
566056,2021-05-25,O,pending,,,0
566066,2021-05-25,O,pending,,,0
566070,2021-05-25,O,pending,,,0
566125,2021-05-25,O,pending,,,0
566185,2021-05-25,O,pending,,,0
566188,2021-05-25,O,pending,,,0
566245,2021-05-26,O,pending,,,0
566321,2021-05-26,O,pending,,,0
566323,2021-05-26,O,pending,,,0
566345,2021-05-26,O,pending,,,0
566379,2021-05-26,O,pending,,,0
566496,2021-05-27,O,pending,,,0
566522,2021-05-27,O,pending,,,0
566526,2021-05-27,O,pending,,,0
566531,2021-05-27,O,pending,,,0
566564,2021-05-27,O,pending,,,0
566574,2021-05-27,O,pending,,,0
566586,2021-05-27,O,pending,,,0
566671,2021-05-27,O,pending,,,0
566706,2021-05-27,O,pending,,,0
566708,2021-05-27,O,pending,,,0
566794,2021-05-28,O,pending,,,0
566804,2021-05-28,O,pending,,,0
566818,2021-05-28,O,pending,,,0
566826,2021-05-28,O,pending,,,0
566830,2021-05-28,O,pending,,,0
566867,2021-05-28,O,pending,,,0
566951,2021-05-28,O,pending,,,0
566992,2021-05-28,O,pending,,,0
566993,2021-05-28,O,pending,,,0
566994,2021-05-28,O,pending,,,0
566995,2021-05-28,O,pending,,,0
566996,2021-05-28,O,pending,,,0
566997,2021-05-28,O,pending,,,0
566998,2021-05-28,O,pending,,,0
567037,2021-05-31,O,pending,,,0
567060,2021-05-31,O,pending,,,0
567067,2021-05-31,O,pending,,,0
567084,2021-05-31,O,pending,,,0
567098,2021-05-31,O,pending,,,0
567154,2021-05-31,O,pending,,,0
567158,2021-05-31,O,pending,,,0
567223,2021-05-31,O,pending,,,0
567228,2021-05-31,O,pending,,,0
567293,2021-06-01,O,pending,,,0
567295,2021-06-01,O,pending,,,0
567307,2021-06-01,O,pending,,,0
567327,2021-06-01,O,pending,,,0
567329,2021-06-01,O,pending,,,0
567438,2021-06-01,O,pending,,,0
567443,2021-06-01,O,pending,,,0
567446,2021-06-01,O,pending,,,0
567471,2021-06-01,O,pending,,,0
567480,2021-06-01,O,pending,,,0
567501,2021-06-01,O,pending,,,0
567552,2021-06-02,O,pending,,,0
567560,2021-06-02,O,pending,,,0
567561,2021-06-02,O,pending,,,0
567619,2021-06-02,O,pending,,,0
567621,2021-06-02,O,pending,,,0
567624,2021-06-02,O,pending,,,0
567664,2021-06-02,O,pending,,,0
567682,2021-06-02,O,pending,,,0
567699,2021-06-02,O,pending,,,0
567700,2021-06-02,O,pending,,,0
567727,2021-06-02,O,pending,,,0
567750,2021-06-02,O,pending,,,0
567811,2021-06-03,O,pending,,,0
567813,2021-06-03,O,pending,,,0
567819,2021-06-03,O,pending,,,0
567885,2021-06-03,O,pending,,,0
567911,2021-06-03,O,pending,,,0
567932,2021-06-03,O,pending,,,0
567957,2021-06-03,O,pending,,,0
567959,2021-06-03,O,pending,,,0
568056,2021-06-04,O,pending,,,0
568084,2021-06-04,O,pending,,,0
568085,2021-06-04,O,pending,,,0
568102,2021-06-04,O,pending,,,0
568112,2021-06-04,O,pending,,,0
568113,2021-06-04,O,pending,,,0
568161,2021-06-04,O,pending,,,0
568169,2021-06-04,O,pending,,,0
568182,2021-06-04,O,pending,,,0
568183,2021-06-04,O,pending,,,0
568227,2021-06-04,O,pending,,,0
568285,2021-06-04,O,pending,,,0
568328,2021-06-04,O,pending,,,0
568403,2021-06-07,O,pending,,,0
568478,2021-06-07,O,pending,,,0
568481,2021-06-07,O,pending,,,0
568487,2021-06-07,O,pending,,,0
568496,2021-06-07,O,pending,,,0
568508,2021-06-07,O,pending,,,0
568532,2021-06-07,O,pending,,,0
568547,2021-06-07,O,pending,,,0
568552,2021-06-07,O,pending,,,0
568615,2021-06-08,O,pending,,,0
568634,2021-06-08,O,pending,,,0
568647,2021-06-08,O,pending,,,0
568648,2021-06-08,O,pending,,,0
568649,2021-06-08,O,pending,,,0
568682,2021-06-08,O,pending,,,0
568684,2021-06-08,O,pending,,,0
568728,2021-06-08,O,pending,,,0
568757,2021-06-08,O,pending,,,0
568958,2021-06-09,O,pending,,,0
568971,2021-06-09,O,pending,,,0
569058,2021-06-09,O,pending,,,0
569156,2021-06-09,O,pending,,,0
569168,2021-06-09,O,pending,,,0
569243,2021-06-10,O,pending,,,0
569309,2021-06-10,O,pending,,,0
569347,2021-06-10,O,pending,,,0
569352,2021-06-10,O,pending,,,0
569459,2021-06-11,O,pending,,,0
569460,2021-06-11,O,pending,,,0
569465,2021-06-11,O,pending,,,0
569532,2021-06-11,O,pending,,,0
569536,2021-06-11,O,pending,,,0
569552,2021-06-11,O,pending,,,0
569564,2021-06-11,O,pending,,,0
569591,2021-06-11,O,pending,,,0
569592,2021-06-11,O,pending,,,0
569607,2021-06-11,O,pending,,,0
569731,2021-06-14,O,pending,,,0
569736,2021-06-14,O,pending,,,0
569760,2021-06-14,O,pending,,,0
569764,2021-06-14,O,pending,,,0
569765,2021-06-14,O,pending,,,0
569767,2021-06-14,O,pending,,,0
569768,2021-06-14,O,pending,,,0
569771,2021-06-14,O,pending,,,0
569772,2021-06-14,O,pending,,,0
569806,2021-06-14,O,pending,,,0
569832,2021-06-14,O,pending,,,0
569854,2021-06-14,O,pending,,,0
569856,2021-06-14,O,pending,,,0
569883,2021-06-14,O,pending,,,0
569959,2021-06-15,O,pending,,,0
569984,2021-06-15,O,pending,,,0
569992,2021-06-15,O,pending,,,0
570092,2021-06-15,O,pending,,,0
570098,2021-06-15,O,pending,,,0
570104,2021-06-15,O,pending,,,0
570130,2021-06-15,O,pending,,,0
570203,2021-06-16,O,pending,,,0
570209,2021-06-16,O,pending,,,0
570226,2021-06-16,O,pending,,,0
570234,2021-06-16,O,pending,,,0
570375,2021-06-16,O,pending,,,0
570390,2021-06-16,O,pending,,,0
570516,2021-06-17,O,pending,,,0
570540,2021-06-17,O,pending,,,0
570567,2021-06-17,O,pending,,,0
570610,2021-06-17,O,pending,,,0
570655,2021-06-17,O,pending,,,0
570703,2021-06-18,O,pending,,,0
570713,2021-06-18,O,pending,,,0
570717,2021-06-18,O,pending,,,0
570731,2021-06-18,O,pending,,,0
570744,2021-06-18,O,pending,,,0
570745,2021-06-18,O,pending,,,0
570751,2021-06-18,O,pending,,,0
570772,2021-06-18,O,pending,,,0
570800,2021-06-18,O,pending,,,0
570885,2021-06-18,O,pending,,,0
570887,2021-06-18,O,pending,,,0
570889,2021-06-18,O,pending,,,0
570890,2021-06-18,O,pending,,,0
570996,2021-06-21,O,pending,,,0
571010,2021-06-21,O,pending,,,0
571018,2021-06-21,O,pending,,,0
571019,2021-06-21,O,pending,,,0
571027,2021-06-21,O,pending,,,0
571029,2021-06-21,O,pending,,,0
571094,2021-06-21,O,pending,,,0
571109,2021-06-21,O,pending,,,0
571157,2021-06-21,O,pending,,,0
571174,2021-06-21,O,pending,,,0
571206,2021-06-21,O,pending,,,0
571264,2021-06-22,O,pending,,,0
571285,2021-06-22,O,pending,,,0
571286,2021-06-22,O,pending,,,0
571402,2021-06-22,O,pending,,,0
571427,2021-06-22,O,pending,,,0
571428,2021-06-22,O,pending,,,0
571444,2021-06-23,O,pending,,,0
571445,2021-06-23,O,pending,,,0
571446,2021-06-23,O,pending,,,0
571482,2021-06-23,O,pending,,,0
571493,2021-06-23,O,pending,,,0
571494,2021-06-23,O,pending,,,0
571540,2021-06-23,O,pending,,,0
571547,2021-06-23,O,pending,,,0
571553,2021-06-23,O,pending,,,0
571598,2021-06-23,O,pending,,,0
571617,2021-06-23,O,pending,,,0
571623,2021-06-23,O,pending,,,0
571636,2021-06-23,O,pending,,,0
571648,2021-06-23,O,pending,,,0
571709,2021-06-24,O,pending,,,0
571776,2021-06-24,O,pending,,,0
571788,2021-06-24,O,pending,,,0
571845,2021-06-25,O,pending,,,0
571856,2021-06-25,O,pending,,,0
571886,2021-06-25,O,pending,,,0
571949,2021-06-25,O,pending,,,0
571950,2021-06-25,O,pending,,,0
571952,2021-06-25,O,pending,,,0
571955,2021-06-25,O,pending,,,0
572070,2021-06-27,O,pending,,,0
572194,2021-06-28,O,pending,,,0
572204,2021-06-28,O,pending,,,0
572254,2021-06-28,O,pending,,,0
572262,2021-06-28,O,pending,,,0
572273,2021-06-28,O,pending,,,0
572325,2021-06-28,O,pending,,,0
572382,2021-06-29,O,pending,,,0
572441,2021-06-29,O,pending,,,0
572448,2021-06-29,O,pending,,,0
572473,2021-06-29,O,pending,,,0
572668,2021-06-30,O,pending,,,0
572706,2021-06-30,O,pending,,,0
572724,2021-06-30,O,pending,,,0
572725,2021-06-30,O,pending,,,0
572734,2021-06-30,O,pending,,,0
572738,2021-06-30,O,pending,,,0
572743,2021-06-30,O,pending,,,0
572749,2021-06-30,O,pending,,,0
572760,2021-06-30,O,pending,,,0
572761,2021-06-30,O,pending,,,0
572765,2021-06-30,O,pending,,,0
572769,2021-06-30,O,pending,,,0
572770,2021-06-30,O,pending,,,0
572774,2021-06-30,O,pending,,,0
572798,2021-06-30,O,pending,,,0
572819,2021-06-30,O,pending,,,0
572822,2021-06-30,O,pending,,,0
572827,2021-06-30,O,pending,,,0
572828,2021-06-30,O,pending,,,0
573010,2021-07-01,O,pending,,,0
573075,2021-07-01,O,pending,,,0
573085,2021-07-01,O,pending,,,0
573087,2021-07-01,O,pending,,,0
573090,2021-07-01,O,pending,,,0
573102,2021-07-01,O,pending,,,0
573111,2021-07-01,O,pending,,,0
573118,2021-07-01,O,pending,,,0
573120,2021-07-01,O,pending,,,0
573133,2021-07-01,O,pending,,,0
573147,2021-07-01,O,pending,,,0
573148,2021-07-01,O,pending,,,0
573159,2021-07-01,O,pending,,,0
573161,2021-07-01,O,pending,,,0
573208,2021-07-02,O,pending,,,0
573329,2021-07-02,O,pending,,,0
573336,2021-07-02,O,pending,,,0
573361,2021-07-02,O,pending,,,0
573389,2021-07-02,O,pending,,,0
573398,2021-07-02,O,pending,,,0
573399,2021-07-02,O,pending,,,0
573404,2021-07-03,O,pending,,,0
573405,2021-07-03,O,pending,,,0
573414,2021-07-04,O,pending,,,0
573447,2021-07-05,O,pending,,,0
573567,2021-07-05,O,pending,,,0
573630,2021-07-05,O,pending,,,0
573668,2021-07-06,O,pending,,,0
573673,2021-07-06,O,pending,,,0
573675,2021-07-06,O,pending,,,0
573687,2021-07-06,O,pending,,,0
573756,2021-07-06,O,pending,,,0
573791,2021-07-06,O,pending,,,0
573808,2021-07-06,O,pending,,,0
573884,2021-07-07,O,pending,,,0
573941,2021-07-07,O,pending,,,0
573954,2021-07-07,O,pending,,,0
574296,2021-07-08,O,pending,,,0
574323,2021-07-08,O,pending,,,0
574365,2021-07-09,O,pending,,,0
574494,2021-07-09,O,pending,,,0
574520,2021-07-09,O,pending,,,0
574535,2021-07-09,O,pending,,,0
574569,2021-07-09,O,pending,,,0
574572,2021-07-09,O,pending,,,0
574712,2021-07-12,O,pending,,,0
574720,2021-07-12,O,pending,,,0
574752,2021-07-12,O,pending,,,0
574772,2021-07-12,O,pending,,,0
574800,2021-07-12,O,pending,,,0
574802,2021-07-12,O,pending,,,0
574855,2021-07-13,O,pending,,,0
574947,2021-07-13,O,pending,,,0
574959,2021-07-13,O,pending,,,0
575000,2021-07-13,O,pending,,,0
575028,2021-07-13,O,pending,,,0
575037,2021-07-13,O,pending,,,0
575038,2021-07-13,O,pending,,,0
575039,2021-07-13,O,pending,,,0
575060,2021-07-14,O,pending,,,0
575099,2021-07-14,O,pending,,,0
575104,2021-07-14,O,pending,,,0
575125,2021-07-14,O,pending,,,0
575130,2021-07-14,O,pending,,,0
575135,2021-07-14,O,pending,,,0
575138,2021-07-14,O,pending,,,0
575145,2021-07-14,O,pending,,,0
575148,2021-07-14,O,pending,,,0
575157,2021-07-14,O,pending,,,0
575159,2021-07-14,O,pending,,,0
575165,2021-07-14,O,pending,,,0
575185,2021-07-14,O,pending,,,0
575206,2021-07-14,O,pending,,,0
575227,2021-07-14,O,pending,,,0
575244,2021-07-14,O,pending,,,0
575382,2021-07-15,O,pending,,,0
575392,2021-07-15,O,pending,,,0
575397,2021-07-15,O,pending,,,0
575398,2021-07-15,O,pending,,,0
575400,2021-07-15,O,pending,,,0
575431,2021-07-15,O,pending,,,0
575444,2021-07-15,O,pending,,,0
575472,2021-07-16,O,pending,,,0
575488,2021-07-16,O,pending,,,0
575490,2021-07-16,O,pending,,,0
575496,2021-07-16,O,pending,,,0
575507,2021-07-16,O,pending,,,0
575551,2021-07-16,O,pending,,,0
575554,2021-07-16,O,pending,,,0
575596,2021-07-16,O,pending,,,0
575603,2021-07-16,O,pending,,,0
575610,2021-07-16,O,pending,,,0
575630,2021-07-16,O,pending,,,0
575656,2021-07-16,O,pending,,,0
575706,2021-07-19,O,pending,,,0
575719,2021-07-19,O,pending,,,0
575763,2021-07-19,O,pending,,,0
575777,2021-07-19,O,pending,,,0
575794,2021-07-19,O,pending,,,0
575797,2021-07-19,O,pending,,,0
575808,2021-07-19,O,pending,,,0
575829,2021-07-19,O,pending,,,0
575838,2021-07-19,O,pending,,,0
575841,2021-07-19,O,pending,,,0
575849,2021-07-19,O,pending,,,0
575867,2021-07-19,O,pending,,,0
575932,2021-07-20,O,pending,,,0
575951,2021-07-20,O,pending,,,0
576047,2021-07-20,O,pending,,,0
576060,2021-07-20,O,pending,,,0
576065,2021-07-20,O,pending,,,0
576105,2021-07-21,O,pending,,,0
576108,2021-07-21,O,pending,,,0
576179,2021-07-21,O,pending,,,0
576216,2021-07-21,O,pending,,,0
576228,2021-07-21,O,pending,,,0
576248,2021-07-21,O,pending,,,0
576255,2021-07-21,O,pending,,,0
576278,2021-07-21,O,pending,,,0
576372,2021-07-21,O,pending,,,0
576377,2021-07-21,O,pending,,,0
576437,2021-07-22,O,pending,,,0
576438,2021-07-22,O,pending,,,0
576442,2021-07-22,O,pending,,,0
576443,2021-07-22,O,pending,,,0
576455,2021-07-22,O,pending,,,0
576481,2021-07-22,O,pending,,,0
576524,2021-07-22,O,pending,,,0
576535,2021-07-22,O,pending,,,0
576571,2021-07-22,O,pending,,,0
576597,2021-07-22,O,pending,,,0
576645,2021-07-23,O,pending,,,0
576691,2021-07-23,O,pending,,,0
576747,2021-07-23,O,pending,,,0
576779,2021-07-23,O,pending,,,0
576797,2021-07-23,O,pending,,,0
576803,2021-07-23,O,pending,,,0
576818,2021-07-23,O,pending,,,0
576853,2021-07-26,O,pending,,,0
576893,2021-07-26,O,pending,,,0
576901,2021-07-26,O,pending,,,0
576914,2021-07-26,O,pending,,,0
576958,2021-07-26,O,pending,,,0
576964,2021-07-26,O,pending,,,0
577045,2021-07-27,O,pending,,,0
577078,2021-07-27,O,pending,,,0
577187,2021-07-27,O,pending,,,0
577252,2021-07-27,O,pending,,,0
577344,2021-07-28,O,pending,,,0
577355,2021-07-28,O,pending,,,0
577363,2021-07-28,O,pending,,,0
577371,2021-07-28,O,pending,,,0
577376,2021-07-28,O,pending,,,0
577405,2021-07-28,O,pending,,,0
577440,2021-07-28,O,pending,,,0
577443,2021-07-28,O,pending,,,0
577463,2021-07-28,O,pending,,,0
577471,2021-07-28,O,pending,,,0
577478,2021-07-28,O,pending,,,0
577482,2021-07-28,O,pending,,,0
577501,2021-07-28,O,pending,,,0
577506,2021-07-28,O,pending,,,0
577526,2021-07-28,O,pending,,,0
577529,2021-07-28,O,pending,,,0
577632,2021-07-29,O,pending,,,0
577640,2021-07-29,O,pending,,,0
577647,2021-07-29,O,pending,,,0
577674,2021-07-29,O,pending,,,0
577683,2021-07-29,O,pending,,,0
577686,2021-07-29,O,pending,,,0
577694,2021-07-29,O,pending,,,0
577717,2021-07-29,O,pending,,,0
577728,2021-07-29,O,pending,,,0
577742,2021-07-29,O,pending,,,0
577763,2021-07-29,O,pending,,,0
577771,2021-07-29,O,pending,,,0
577838,2021-07-30,O,pending,,,0
577858,2021-07-30,O,pending,,,0
577891,2021-07-30,O,pending,,,0
577908,2021-07-30,O,pending,,,0
577954,2021-07-30,O,pending,,,0
577965,2021-07-30,O,pending,,,0
577966,2021-07-30,O,pending,,,0
577992,2021-07-30,O,pending,,,0
578007,2021-07-30,O,pending,,,0
578017,2021-07-30,O,pending,,,0
578018,2021-07-30,O,pending,,,0
578019,2021-07-30,O,pending,,,0
578036,2021-08-01,O,pending,,,0
578494,2021-08-03,O,pending,,,0
578535,2021-08-04,O,pending,,,0
578545,2021-08-04,O,pending,,,0
578804,2021-08-05,O,pending,,,0
579173,2021-08-09,O,pending,,,0
579247,2021-08-10,O,pending,,,0
579482,2021-08-11,O,pending,,,0
579643,2021-08-12,O,pending,,,0
579663,2021-08-12,O,pending,,,0
579860,2021-08-13,O,pending,,,0
579875,2021-08-13,O,pending,,,0
580202,2021-08-18,O,pending,,,0
580363,2021-08-19,O,pending,,,0
580378,2021-08-19,O,pending,,,0
580524,2021-08-20,O,pending,,,0
580619,2021-08-23,O,pending,,,0
580759,2021-08-23,O,pending,,,0
580765,2021-08-23,O,pending,,,0
580772,2021-08-23,O,pending,,,0
581100,2021-08-25,O,pending,,,0
581176,2021-08-26,O,pending,,,0
581731,2021-08-31,O,pending,,,0
581783,2021-08-31,O,pending,,,0
581824,2021-09-01,O,pending,,,0
581950,2021-09-01,O,pending,,,0
582002,2021-09-02,O,pending,,,0
582031,2021-09-02,O,pending,,,0
582039,2021-09-02,O,pending,,,0
582041,2021-09-02,O,pending,,,0
582077,2021-09-02,O,pending,,,0
582081,2021-09-02,O,pending,,,0
582243,2021-09-03,O,pending,,,0
582256,2021-09-03,O,pending,,,0
582260,2021-09-03,O,pending,,,0
582354,2021-09-03,O,pending,,,0
582355,2021-09-03,O,pending,,,0
582361,2021-09-03,O,pending,,,0
582364,2021-09-03,O,pending,,,0
582367,2021-09-03,O,pending,,,0
582370,2021-09-03,O,pending,,,0
582397,2021-09-06,O,pending,,,0
582465,2021-09-06,O,pending,,,0
582492,2021-09-06,O,pending,,,0
582594,2021-09-07,O,pending,,,0
582604,2021-09-07,O,pending,,,0
582658,2021-09-07,O,pending,,,0
582667,2021-09-07,O,pending,,,0
582670,2021-09-07,O,pending,,,0
582697,2021-09-07,O,pending,,,0
582699,2021-09-07,O,pending,,,0
582702,2021-09-07,O,pending,,,0
582744,2021-09-08,O,pending,,,0
582756,2021-09-08,O,pending,,,0
582761,2021-09-08,O,pending,,,0
582798,2021-09-08,O,pending,,,0
582873,2021-09-08,O,pending,,,0
582890,2021-09-08,O,pending,,,0
582893,2021-09-08,O,pending,,,0
582927,2021-09-09,O,pending,,,0
582935,2021-09-09,O,pending,,,0
582942,2021-09-09,O,pending,,,0
582944,2021-09-09,O,pending,,,0
582953,2021-09-09,O,pending,,,0
582979,2021-09-09,O,pending,,,0
583024,2021-09-09,O,pending,,,0
583043,2021-09-09,O,pending,,,0
583062,2021-09-09,O,pending,,,0
583116,2021-09-10,O,pending,,,0
583174,2021-09-10,O,pending,,,0
583176,2021-09-10,O,pending,,,0
583188,2021-09-10,O,pending,,,0
583189,2021-09-10,O,pending,,,0
583196,2021-09-10,O,pending,,,0
583199,2021-09-10,O,pending,,,0
583200,2021-09-10,O,pending,,,0
583209,2021-09-10,O,pending,,,0
583309,2021-09-13,O,pending,,,0
583312,2021-09-13,O,pending,,,0
583356,2021-09-13,O,pending,,,0
583361,2021-09-13,O,pending,,,0
583386,2021-09-13,O,pending,,,0
583409,2021-09-13,O,pending,,,0
583424,2021-09-13,O,pending,,,0
583428,2021-09-13,O,pending,,,0
583429,2021-09-13,O,pending,,,0
583432,2021-09-13,O,pending,,,0
583438,2021-09-13,O,pending,,,0
583453,2021-09-13,O,pending,,,0
583454,2021-09-13,O,pending,,,0
583549,2021-09-14,O,pending,,,0
583571,2021-09-14,O,pending,,,0
583575,2021-09-14,O,pending,,,0
583603,2021-09-14,O,pending,,,0
583608,2021-09-14,O,pending,,,0
583699,2021-09-15,O,pending,,,0
583703,2021-09-15,O,pending,,,0
583737,2021-09-15,O,pending,,,0
583746,2021-09-15,O,pending,,,0
583747,2021-09-15,O,pending,,,0
583832,2021-09-15,O,pending,,,0
583841,2021-09-15,O,pending,,,0
583842,2021-09-15,O,pending,,,0
583871,2021-09-16,O,pending,,,0
583876,2021-09-16,O,pending,,,0
583895,2021-09-16,O,pending,,,0
583905,2021-09-16,O,pending,,,0
583912,2021-09-16,O,pending,,,0
583932,2021-09-16,O,pending,,,0
583938,2021-09-16,O,pending,,,0
583981,2021-09-16,O,pending,,,0
584001,2021-09-16,O,pending,,,0
584004,2021-09-16,O,pending,,,0
584016,2021-09-16,O,pending,,,0
584038,2021-09-16,O,pending,,,0
584133,2021-09-17,O,pending,,,0
584301,2021-09-20,O,pending,,,0
584306,2021-09-20,O,pending,,,0
584345,2021-09-20,O,pending,,,0
584350,2021-09-20,O,pending,,,0
584360,2021-09-20,O,pending,,,0
584380,2021-09-20,O,pending,,,0
584474,2021-09-20,O,pending,,,0
584552,2021-09-21,O,pending,,,0
584576,2021-09-21,O,pending,,,0
584613,2021-09-21,O,pending,,,0
584633,2021-09-21,O,pending,,,0
584637,2021-09-21,O,pending,,,0
584680,2021-09-22,O,pending,,,0
584721,2021-09-22,O,pending,,,0
584726,2021-09-22,O,pending,,,0
584728,2021-09-22,O,pending,,,0
584761,2021-09-22,O,pending,,,0
584780,2021-09-22,O,pending,,,0
584791,2021-09-22,O,pending,,,0
584811,2021-09-22,O,pending,,,0
584947,2021-09-23,O,pending,,,0
585032,2021-09-23,O,pending,,,0
585035,2021-09-23,O,pending,,,0
585106,2021-09-23,O,pending,,,0
585107,2021-09-23,O,pending,,,0
585132,2021-09-24,O,pending,,,0
585218,2021-09-24,O,pending,,,0
585286,2021-09-24,O,pending,,,0
585290,2021-09-24,O,pending,,,0
585294,2021-09-24,O,pending,,,0
585299,2021-09-24,O,pending,,,0
585340,2021-09-25,O,pending,,,0
585353,2021-09-26,O,pending,,,0
585369,2021-09-27,O,pending,,,0
585432,2021-09-27,O,pending,,,0
585507,2021-09-27,O,pending,,,0
585549,2021-09-27,O,pending,,,0
585589,2021-09-28,O,pending,,,0
585598,2021-09-28,O,pending,,,0
585658,2021-09-28,O,pending,,,0
585684,2021-09-28,O,pending,,,0
585687,2021-09-28,O,pending,,,0
585691,2021-09-28,O,pending,,,0
585732,2021-09-28,O,pending,,,0
585751,2021-09-28,O,pending,,,0
585753,2021-09-28,O,pending,,,0
585756,2021-09-28,O,pending,,,0
585777,2021-09-28,O,pending,,,0
585828,2021-09-28,O,pending,,,0
585851,2021-09-28,O,pending,,,0
585894,2021-09-29,O,pending,,,0
585995,2021-09-29,O,pending,,,0
586011,2021-09-29,O,pending,,,0
586013,2021-09-29,O,pending,,,0
586040,2021-09-29,O,pending,,,0
586091,2021-09-29,O,pending,,,0
586102,2021-09-29,O,pending,,,0
586152,2021-09-30,O,pending,,,0
586159,2021-09-30,O,pending,,,0
586228,2021-09-30,O,pending,,,0
586256,2021-09-30,O,pending,,,0
586299,2021-09-30,O,pending,,,0
586308,2021-09-30,O,pending,,,0
586315,2021-09-30,O,pending,,,0
586322,2021-09-30,O,pending,,,0
586323,2021-09-30,O,pending,,,0
586338,2021-09-30,O,pending,,,0
586339,2021-09-30,O,pending,,,0
586444,2021-10-01,O,pending,,,0
586617,2021-10-01,O,pending,,,0
586871,2021-10-03,O,pending,,,0
587002,2021-10-04,O,pending,,,0
587063,2021-10-04,O,pending,,,0
587514,2021-10-04,O,pending,,,0
587515,2021-10-04,O,pending,,,0
587549,2021-10-04,O,pending,,,0
587688,2021-10-05,O,pending,,,0
587827,2021-10-05,O,pending,,,0
587855,2021-10-05,O,pending,,,0
587870,2021-10-05,O,pending,,,0
587923,2021-10-05,O,pending,,,0
587931,2021-10-05,O,pending,,,0
587933,2021-10-05,O,pending,,,0
588027,2021-10-05,O,pending,,,0
588075,2021-10-05,O,pending,,,0
588076,2021-10-05,O,pending,,,0
588081,2021-10-05,O,pending,,,0
588103,2021-10-05,O,pending,,,0
588151,2021-10-05,O,pending,,,0
588153,2021-10-05,O,pending,,,0
588158,2021-10-05,O,pending,,,0
588159,2021-10-05,O,pending,,,0
588160,2021-10-05,O,pending,,,0
588161,2021-10-05,O,pending,,,0
588162,2021-10-05,O,pending,,,0
588163,2021-10-05,O,pending,,,0
588276,2021-10-06,O,pending,,,0
588454,2021-10-06,O,pending,,,0
588663,2021-10-06,O,pending,,,0
588832,2021-10-07,O,pending,,,0
588892,2021-10-07,O,pending,,,0
588920,2021-10-07,O,pending,,,0
588936,2021-10-07,O,pending,,,0
588958,2021-10-07,O,pending,,,0
588970,2021-10-07,O,pending,,,0
589046,2021-10-07,O,pending,,,0
589049,2021-10-07,O,pending,,,0
589066,2021-10-07,O,pending,,,0
589107,2021-10-07,O,pending,,,0
589108,2021-10-07,O,pending,,,0
589110,2021-10-07,O,pending,,,0
589111,2021-10-08,O,pending,,,0
589159,2021-10-08,O,pending,,,0
589170,2021-10-08,O,pending,,,0
589192,2021-10-08,O,pending,,,0
589224,2021-10-08,O,pending,,,0
589320,2021-10-08,O,pending,,,0
589386,2021-10-10,O,pending,,,0
589442,2021-10-11,O,pending,,,0
589458,2021-10-11,O,pending,,,0
589488,2021-10-11,O,pending,,,0
589504,2021-10-11,O,pending,,,0
589541,2021-10-13,O,pending,,,0
589550,2021-10-13,O,pending,,,0
589561,2021-10-13,O,pending,,,0
589644,2021-10-13,O,pending,,,0
589668,2021-10-13,O,pending,,,0
589694,2021-10-13,O,pending,,,0
589703,2021-10-13,O,pending,,,0
589744,2021-10-14,O,pending,,,0
589779,2021-10-14,O,pending,,,0
589877,2021-10-14,O,pending,,,0
589891,2021-10-14,O,pending,,,0
589896,2021-10-14,O,pending,,,0
589904,2021-10-14,O,pending,,,0
589963,2021-10-15,O,pending,,,0
589966,2021-10-15,O,pending,,,0
590046,2021-10-15,O,pending,,,0
590112,2021-10-17,O,pending,,,0
590159,2021-10-18,O,pending,,,0
590183,2021-10-18,O,pending,,,0
590186,2021-10-18,O,pending,,,0
590222,2021-10-18,O,pending,,,0
590231,2021-10-18,O,pending,,,0
590320,2021-10-18,O,pending,,,0
590348,2021-10-19,O,pending,,,0
590582,2021-10-20,O,pending,,,0
590583,2021-10-20,O,pending,,,0
590721,2021-10-20,O,pending,,,0
590722,2021-10-20,O,pending,,,0
590727,2021-10-20,O,pending,,,0
590736,2021-10-20,O,pending,,,0
590746,2021-10-20,O,pending,,,0
590845,2021-10-20,O,pending,,,0
590849,2021-10-20,O,pending,,,0
590854,2021-10-20,O,pending,,,0
590856,2021-10-20,O,pending,,,0
590900,2021-10-21,O,pending,,,0
590952,2021-10-21,O,pending,,,0
590987,2021-10-21,O,pending,,,0
591143,2021-10-21,O,pending,,,0
591151,2021-10-21,O,pending,,,0
591226,2021-10-22,O,pending,,,0
591286,2021-10-22,O,pending,,,0
591340,2021-10-22,O,pending,,,0
591537,2021-10-25,O,pending,,,0
591539,2021-10-25,O,pending,,,0
591565,2021-10-25,O,pending,,,0
591586,2021-10-25,O,pending,,,0
591662,2021-10-25,O,pending,,,0
591688,2021-10-26,O,pending,,,0
591698,2021-10-26,O,pending,,,0
591702,2021-10-26,O,pending,,,0
591798,2021-10-26,O,pending,,,0
591799,2021-10-26,O,pending,,,0
591813,2021-10-26,O,pending,,,0
591869,2021-10-26,O,pending,,,0
591878,2021-10-26,O,pending,,,0
591887,2021-10-26,O,pending,,,0
591953,2021-10-27,O,pending,,,0
592089,2021-10-27,O,pending,,,0
592094,2021-10-27,O,pending,,,0
592124,2021-10-28,O,pending,,,0
592195,2021-10-28,O,pending,,,0
592203,2021-10-28,O,pending,,,0
592204,2021-10-28,O,pending,,,0
592215,2021-10-28,O,pending,,,0
592223,2021-10-28,O,pending,,,0
592302,2021-10-28,O,pending,,,0
592400,2021-10-28,O,pending,,,0
592408,2021-10-28,O,pending,,,0
592409,2021-10-28,O,pending,,,0
592410,2021-10-28,O,pending,,,0
592411,2021-10-28,O,pending,,,0
592466,2021-10-29,O,pending,,,0
592468,2021-10-29,O,pending,,,0
592523,2021-10-29,O,pending,,,0
592527,2021-10-29,O,pending,,,0
592582,2021-10-29,O,pending,,,0
592593,2021-10-29,O,pending,,,0
592639,2021-10-31,O,pending,,,0
592640,2021-10-31,O,pending,,,0
592666,2021-11-02,O,pending,,,0
592689,2021-11-02,O,pending,,,0
592693,2021-11-02,O,pending,,,0
592807,2021-11-02,O,pending,,,0
592831,2021-11-02,O,pending,,,0
592832,2021-11-02,O,pending,,,0
592851,2021-11-02,O,pending,,,0
592878,2021-11-03,O,pending,,,0
593001,2021-11-03,O,pending,,,0
593029,2021-11-03,O,pending,,,0
593095,2021-11-03,O,pending,,,0
593183,2021-11-04,O,pending,,,0
593374,2021-11-04,O,pending,,,0
593403,2021-11-04,O,pending,,,0
593405,2021-11-04,O,pending,,,0
593469,2021-11-05,O,pending,,,0
593508,2021-11-05,O,pending,,,0
593689,2021-11-05,O,pending,,,0
593808,2021-11-08,O,pending,,,0
593944,2021-11-08,O,pending,,,0
593958,2021-11-08,O,pending,,,0
593960,2021-11-08,O,pending,,,0
594043,2021-11-09,O,pending,,,0
594049,2021-11-09,O,pending,,,0
594066,2021-11-09,O,pending,,,0
594102,2021-11-09,O,pending,,,0
594262,2021-11-09,O,pending,,,0
594269,2021-11-09,O,pending,,,0
594271,2021-11-09,O,pending,,,0
594273,2021-11-09,O,pending,,,0
594303,2021-11-09,O,pending,,,0
594305,2021-11-09,O,pending,,,0
594386,2021-11-10,O,pending,,,0
594396,2021-11-10,O,pending,,,0
594406,2021-11-10,O,pending,,,0
594532,2021-11-10,O,pending,,,0
594602,2021-11-11,O,pending,,,0
594609,2021-11-11,O,pending,,,0
594651,2021-11-11,O,pending,,,0
594775,2021-11-12,O,pending,,,0
594780,2021-11-12,O,pending,,,0
594783,2021-11-12,O,pending,,,0
594838,2021-11-12,O,pending,,,0
594881,2021-11-12,O,pending,,,0
594910,2021-11-12,O,pending,,,0
594924,2021-11-12,O,pending,,,0
594993,2021-11-15,O,pending,,,0
595076,2021-11-15,O,pending,,,0
595080,2021-11-15,O,pending,,,0
595111,2021-11-15,O,pending,,,0
595125,2021-11-15,O,pending,,,0
595170,2021-11-15,O,pending,,,0
595279,2021-11-16,O,pending,,,0
595299,2021-11-16,O,pending,,,0
595344,2021-11-16,O,pending,,,0
595348,2021-11-16,O,pending,,,0
595359,2021-11-16,O,pending,,,0
595398,2021-11-16,O,pending,,,0
595408,2021-11-16,O,pending,,,0
595410,2021-11-16,O,pending,,,0
595542,2021-11-17,O,pending,,,0
595626,2021-11-17,O,pending,,,0
595663,2021-11-17,O,pending,,,0
595664,2021-11-17,O,pending,,,0
595732,2021-11-18,O,pending,,,0
595736,2021-11-18,O,pending,,,0
595742,2021-11-18,O,pending,,,0
595744,2021-11-18,O,pending,,,0
595764,2021-11-18,O,pending,,,0
595766,2021-11-18,O,pending,,,0
595787,2021-11-18,O,pending,,,0
595870,2021-11-18,O,pending,,,0
595907,2021-11-18,O,pending,,,0
595934,2021-11-18,O,pending,,,0
595955,2021-11-19,O,pending,,,0
595976,2021-11-19,O,pending,,,0
596008,2021-11-19,O,pending,,,0
596053,2021-11-19,O,pending,,,0
596064,2021-11-19,O,pending,,,0
596086,2021-11-19,O,pending,,,0
596103,2021-11-19,O,pending,,,0
596117,2021-11-19,O,pending,,,0
596188,2021-11-22,O,pending,,,0
596316,2021-11-22,O,pending,,,0
596432,2021-11-23,O,pending,,,0
596454,2021-11-23,O,pending,,,0
596557,2021-11-23,O,pending,,,0
596624,2021-11-24,O,pending,,,0
596712,2021-11-24,O,pending,,,0
596778,2021-11-24,O,pending,,,0
596785,2021-11-24,O,pending,,,0
596816,2021-11-24,O,pending,,,0
596832,2021-11-24,O,pending,,,0
596850,2021-11-24,O,pending,,,0
596929,2021-11-25,O,pending,,,0
596934,2021-11-25,O,pending,,,0
596978,2021-11-25,O,pending,,,0
597009,2021-11-25,O,pending,,,0
597066,2021-11-25,O,pending,,,0
597074,2021-11-25,O,pending,,,0
597125,2021-11-25,O,pending,,,0
597219,2021-11-26,O,pending,,,0
597551,2021-11-29,O,pending,,,0
597727,2021-11-29,O,pending,,,0
597751,2021-11-30,O,pending,,,0
597775,2021-11-30,O,pending,,,0
597792,2021-11-30,O,pending,,,0
597798,2021-11-30,O,pending,,,0
597871,2021-11-30,O,pending,,,0
597939,2021-11-30,O,pending,,,0
597977,2021-11-30,O,pending,,,0
597981,2021-11-30,O,pending,,,0
598075,2021-12-01,O,pending,,,0
598123,2021-12-01,O,pending,,,0
598180,2021-12-01,O,pending,,,0
598192,2021-12-01,O,pending,,,0
598362,2021-12-02,O,pending,,,0
598368,2021-12-02,O,pending,,,0
598369,2021-12-02,O,pending,,,0
598370,2021-12-02,O,pending,,,0
598371,2021-12-02,O,pending,,,0
598827,2021-12-03,O,pending,,,0
598871,2021-12-03,O,pending,,,0
598990,2021-12-07,O,pending,,,0
599067,2021-12-07,O,pending,,,0
599068,2021-12-07,O,pending,,,0
599069,2021-12-07,O,pending,,,0
599193,2021-12-09,O,pending,,,0
599202,2021-12-09,O,pending,,,0
599322,2021-12-09,O,pending,,,0
599328,2021-12-09,O,pending,,,0
599345,2021-12-09,O,pending,,,0
599346,2021-12-09,O,pending,,,0
599459,2021-12-10,O,pending,,,0
599475,2021-12-10,O,pending,,,0
599481,2021-12-10,O,pending,,,0
599494,2021-12-10,O,pending,,,0
599497,2021-12-10,O,pending,,,0
599498,2021-12-10,O,pending,,,0
599505,2021-12-10,O,pending,,,0
599513,2021-12-10,O,pending,,,0
599515,2021-12-10,O,pending,,,0
599517,2021-12-10,O,pending,,,0
599522,2021-12-10,O,pending,,,0
599563,2021-12-10,O,pending,,,0
599609,2021-12-12,O,pending,,,0
599610,2021-12-12,O,pending,,,0
599787,2021-12-13,O,pending,,,0
600380,2021-12-15,O,pending,,,0
600599,2021-12-15,O,pending,,,0
600604,2021-12-15,O,pending,,,0
600629,2021-12-15,O,pending,,,0
600638,2021-12-15,O,pending,,,0
600663,2021-12-15,O,pending,,,0
600902,2021-12-16,O,pending,,,0
600908,2021-12-16,O,pending,,,0
600909,2021-12-16,O,pending,,,0
601202,2021-12-17,O,pending,,,0
601309,2021-12-18,O,pending,,,0
601310,2021-12-18,O,pending,,,0
601311,2021-12-18,O,pending,,,0
601312,2021-12-18,O,pending,,,0
601313,2021-12-19,O,pending,,,0
601398,2021-12-20,O,pending,,,0
601469,2021-12-20,O,pending,,,0
601592,2021-12-20,O,pending,,,0
601624,2021-12-20,O,pending,,,0
601662,2021-12-21,O,pending,,,0
601669,2021-12-21,O,pending,,,0
601785,2021-12-21,O,pending,,,0
601925,2021-12-22,O,pending,,,0
601928,2021-12-22,O,pending,,,0
601941,2021-12-22,O,pending,,,0
601949,2021-12-22,O,pending,,,0
601951,2021-12-22,O,pending,,,0
601965,2021-12-22,O,pending,,,0
602036,2021-12-22,O,pending,,,0
602055,2021-12-22,O,pending,,,0
602106,2021-12-22,O,pending,,,0
602141,2021-12-22,O,pending,,,0
602400,2021-12-23,O,pending,,,0
602429,2021-12-23,O,pending,,,0
602456,2021-12-23,O,pending,,,0
602475,2021-12-23,O,pending,,,0
602499,2021-12-23,O,pending,,,0
602501,2021-12-23,O,pending,,,0
603790,2021-12-30,O,pending,,,0
603870,2021-12-30,O,pending,,,0
603901,2021-12-30,O,pending,,,0
603926,2021-12-30,O,pending,,,0
